Timestamp,Full Name,Email address
11/21/2018 0:00,Dragos,Dragos
11/22/2018 0:00,Andrew,Andrew
11/23/2018 0:00,Chelsea,Chelsea
11/24/2018 0:00,Finn,Finn
11/25/2018 0:00,Danny,Danny
11/26/2018 0:00,Manu,Manu
11/27/2018 0:00,Venezuelian Feliz,Venezuelian Feliz
11/28/2018 0:00,JR,JR
11/29/2018 0:00,Spanish Felix,Spanish Felix
11/30/2018 0:00,Tomi,Tomi
